ID,Sequence,Email_Name,Audience,Subject_Line,Proposed_Send_Date,Day_of_Week,Status,CTA_Type,CTA_Description,Notes,Priority,Copy_2026,Reference_2025_Copy,Prep_Notification_Date
42,Pre-Event Engagement,Christmas Email — by Vishen,All Valid Ticket Holders,Dec 23: Christmas Email,2025-12-23,Tuesday,Sent,Reply,Reply to share what you're hoping for at MVU,Sent via Bizzabo by Vishen. Personal newsletter celebrating attendees joining MVU 2026. Asks attendees to reply with their intentions/hopes.,Medium,"Hi Álvaro,

I just want to say this:

You've already given yourself one of the most powerful gifts of 2026.

Mindvalley U 2026 (a.k.a MVU 2026) is one of the biggest events we're creating next year, and you're part of it.

This year in Estonia, we're welcoming our highest attendance ever. And while I know you're excited, trust me, we're even more excited than you are.

When you step into Mindvalley U coming summer, you'll feel something very different from a typical event.

You'll feel presence.
You'll feel a connection.
You'll feel what it means to be in a space where learning, growth, and real human connection actually coexist.

That's what makes Mindvalley U special.

It's not just the talks on stage though those are powerful. It's what happens between the sessions.

The conversations that go deep, fast.
The friendships that form naturally.
The moments with your family that don't feel rushed or distracted.
The kind of transformation that doesn't end when the music fades — it continues over dinner, in workshops, on long walks, and unexpected conversations.

I've seen it happen year after year.

People arrive curious. They leave transformed.

Not because they tried harder. But because they finally showed up & slowed down enough to reconnect with themselves and with others.

So as you start thinking about 2026, forget the pressure of resolutions.

Instead, ask yourself a better question:

What kind of connections do I want to create this year?

In MVU 2026,
Who do I want to meet?
Who do I want to learn from?
What kind of conversations do I want to be part of?
What kind of network or even friendships do I want to build?

And here's something I'd love you to do.

Hit reply to this email and tell us what you're hoping for at Mindvalley U.

Maybe you want to find a business partner.
Maybe you're open to love.
Maybe you want a new best friend from a different country.
Maybe you're looking for opportunity, clarity, or inspiration.
Or maybe you just want a chance to have a real conversation with me.

Whatever it is, tell us your heart's desire.

Once you're inside this tribe, you're part of us.

And if there's a way we can help make something meaningful happen for you while you're there, we'll do our best to make it happen.

💌 Coming Soon 💌

Starting January, we'll begin sharing more details with you:
Speaker previews, behind-the-scenes moments, youth program highlights, and everything you need to start visualizing your summer in Tallinn.

But for now, just know this:

You're part of something special. And we can't wait to co-create it with you.

Hit reply to this email and tell us what you're hoping for at Mindvalley U.

With so much love and excitement,
Vishen",[Vishen newsletter — first MVU 2026 communication after ticket purchase],2025-12-16
43,Pre-Event Engagement,Why We Built Mindvalley U — by Vishen,All Valid Ticket Holders,Jan 15: Why We Built Mindvalley U,2026-01-16,Friday,Sent,Soft,Encourages attendees to start booking flights/accommodation,Sent via Bizzabo by Vishen. Origin story of MVU. Storytelling email building anticipation for Tallinn 2026.,Medium,"Hi Álvaro,

Back in 2016, I had a wild idea.

What if education could be… fluid?

What if instead of being bound to one campus, one curriculum, one way of learning — we could create a global, rotating campus where growth was immersive, cultural, deeply connected… and yes, even fun?

I imagined a space where my family could grow alongside me.
Where my kids could learn the life skills traditional schools forgot.
Where friendships turned into soul tribes.
And where love, business, ideas, and transformation could all happen over lunch — or a late-night walk in a new city.

That idea became Mindvalley University.

Now lovingly called Mindvalley U. Or MVU — because this experience truly is about you.

And what started as a one-time experiment in Barcelona… has now become one of the most beloved events in the Mindvalley world, spanning over a decade and touching thousands of lives from over 80 countries.

So why am I writing to you today?
Because this July, you're coming to Tallinn.

The birthplace of that idea.

And I want you to know what you've stepped into.

You're not just attending an event.
You're becoming part of a living movement.

You'll learn from world-class mentors across every area of life — from AI and social media to relationships, parenting, embodiment, entrepreneurship, and inner healing.

You'll be surrounded by people who will become your collaborators, soul friends, and sometimes, your forever people.

And your kids?
They'll be immersed in our amazing Youth Programs — often cited as the highlight of MVU both for young and adult attendees — where they're not just taught, but seen, empowered, and inspired.

This is where transformation becomes real.
Not through content, but through connection.

Whether you're coming for the first time, or are one of the beautiful souls who returns year after year, just know…

You're part of something extraordinary.

We'll see you in Tallinn.

And oh — if you haven't started looking at flights or accommodation yet, now's a good time to begin.

With love,
Vishen","[Vishen newsletter — origin story of MVU, building emotional connection to Tallinn]",2026-01-09
44,Pre-Event Engagement,The Last Real Thing — by Vishen,All Valid Ticket Holders,Jan 23: The Last Real Thing,2026-01-23,Friday,Sent,Link,Invite a friend link (early-bird offer),"Sent via Bizzabo by Vishen. Personal vulnerable email about turning 50, AI world context, friend-invitation upsell, and Tribe Stage teaser.",Medium,"Hi Álvaro,

In my last newsletter, I shared something raw.

I turned 50 this month. And with it came a decision that now shapes everything I do: I want to live 100 lives before I die.

One week at a time.
One place at a time.
One version of myself at a time.

That's how I've started showing up.

Right now, I'm in Sevilla, Spain, leading the first-ever in-person Manifesting Coaching Certification with Regan Hillyer and 50 incredible humans.

We're not just ""doing a program.""

We're learning together. Laughing over late dinners. Walking through ancient streets.
And going deep with the program and with each other.

And it reminded me that, this how MVU feels for all our attendees

🌍 Why Mindvalley U Exists in an AI World

As the world races ahead with AI, automation, and digital everything…I feel a quiet urgency.

Because the more digital life becomes, the more valuable it is to gather as humans.

To sit face-to-face.
To share a conversation that meanders into the night.
To grow alongside others who are alive, awake, and building extraordinary lives — just like you.

That's what MVU is about: A living, breathing learning experience. And this year, it's going to be the biggest one yet.

At Mindvalley U 2026 in Tallinn, you'll find yourself surrounded by:

Entrepreneurs who've built global businesses — and want more meaning, not just metrics
Parents and educators raising conscious kids
Healers, artists, futurists, creatives
And yes — some of the kindest, most brilliant minds you'll ever meet

Many of these people arrive solo. But they don't leave that way.

So if you're coming alone, I want to ask you something:

👉 Bring someone with you.

Whether it's a friend, partner, colleague, or your kids— MVU becomes exponentially more powerful when it's shared.

Send them this email or invite them to grab their ticket here:

Click here to invite a friend to MVU (our early-bird offer ends this month)

🎤 A Heads-Up About Something Exciting
Each year at MVU, we open something called the Mindvalley Tribe Stage — a platform for you to teach, speak, and lead.

We'll be announcing applications for 2026 soon, but here's what you need to know now:

To apply, you'll need to have a 2-week ticket, as your talk could happen on any day of MVU
You'll have the chance to share your voice, wisdom, and ideas with an audience like no other
Whether you're an educator, coach, entrepreneur, healer — this could be your moment to give back in a powerful way

Stay tuned for updates. But if this sparks something in you — start thinking now.

What would you share? What lights you up? What's your message?

This could be your stage.

In 2026, MVU returns to Tallinn, Estonia — the birthplace of this idea.

A city where medieval walls meet modern tech.
Where history and future live side by side.
And where, this July, you'll reclaim one of the most precious experiences of our time:

✨ Connection.
✨ Belonging.
✨ Aliveness.

Let's live one of our 100 lives together this July.

With love,
Vishen","[Vishen newsletter — vulnerable storytelling, friend-invite upsell, Tribe Stage teaser]",2026-01-16
1,Pre-Event Engagement,Partnership Announcement (Youth),Youth Programs Ticket Holders,The Future of Education Is Here — And Your Child Gets To Be Part of It! 🎒,2026-02-16,Monday,To Do,Link,Link to partner blog article,Announce educational partner for Youth Programs. Adapt to Tallinn context.,Medium,"Hey [First Name],

Exciting news — Mindvalley University 2026 is about to get even more extraordinary for your little ones.

For another year, Mindvalley is partnering with Learnlife, the pioneering school that's redefining education worldwide. Forget memorization — Learnlife's approach is all about self-directed learning, real-world skills, and igniting a passion for lifelong growth.

Their model is already transforming schools across Europe, the Americas, and the UAE — and now, we're bringing it once again to our Mindvalley University Youth Programs in the beautiful city of Tallinn. 🇪🇪

Imagine your child diving into hands-on, curiosity-driven workshops where they explore what truly excites them — whether it's entrepreneurship, creative problem-solving, or future-ready skills. They'll connect with like-minded peers, learn from inspiring mentors, and thrive in an environment that fosters independence, innovation, and confidence.

We can't wait to welcome your family to Tallinn this summer — where, alongside Learnlife, we'll create an unforgettable experience that empowers the next generation of changemakers.

Want to learn more about the future of education and why we're so excited about Learnlife?

👉 Read this article on our Mindvalley Blog here.

Stay tuned — more exciting details coming your way soon!

With excitement and gratitude,
The Mindvalley Events Team","[Mar 3, 2025 — Partnership Announcement]
Audience: Youth Programs Valid Ticket Holders
Subject: The Future of Education Is Here—And Your Child Gets To Be Part of It! 🎒
Key content: Announced Learnlife partnership (second year). Highlighted self-directed learning, real-world skills. Mentioned Learnlife's global presence. Invited families to Amsterdam. Linked to Mindvalley Blog article about Learnlife. Signed by Mindvalley Events Team (originally by Gigi Marquez Suarez).",2026-02-09
34,Pre-Event Engagement,Reminder To Assign Tickets,Buyers with Unassigned Tickets,Reminder To Assign Tickets,2026-02-24,Tuesday,Sent,Link,Assign tickets link,Sent via Bizzabo. Reminder for buyers who haven't assigned their tickets yet.,High,"Hi Álvaro,

We're reaching out with a quick reminder before Mindvalley U 2026.

You've purchased multiple tickets, but they haven't been assigned yet. To ensure a smooth check-in experience, please assign each ticket to the appropriate attendee as soon as possible.

❗Tickets must be assigned to a named attendee to be considered fully registered.

How to Assign Your Tickets:

1. Click the ""Manage your Registration"" button below.
2. Transfer the ticket to the attendee so they can complete their registration.
   ○ Don't forget to register yourself if you are attending!
3. If transferring the ticket, click ""Transfer Registration"", then enter the attendee's first name, last name, and email. They'll receive a link to complete their registration.
4. If you're filling out the registration yourself, click ""Complete Registration"" and enter the necessary details.

With so much love and excitement,

The Mindvalley Events team",[No 2025 reference — operational email],2026-02-17
2,Pre-Event Engagement,About Tallinn,All Valid Ticket Holders,Why Tallinn Is the Perfect City for Your Next Big Transformation 🇪🇪,2026-02-27,Friday,To Do,Link,Link to ticket page,Highlight Tallinn as destination. Replace all Amsterdam references.,High,"Hey [First Name],

Close your eyes for a second and picture this...

You're walking through the cobblestone streets of Tallinn's medieval Old Town, past towers that have stood for centuries, as the golden light of a Baltic summer evening wraps around you. The air carries the hum of cafes, the distant sound of live music, and a quiet energy that feels like possibility itself.

Now imagine that instead of just visiting, you're here for something extraordinary — a two-week deep dive into your greatest potential.

This is Mindvalley University 2026, and it takes place from July 20 to August 2 in the heart of Tallinn, Estonia.

For two unforgettable weeks, Tallinn becomes your playground for transformation.

Here's why you need to be there.

🏰 Learn, Explore, and Grow in One of Europe's Best-Kept Secrets

Tallinn isn't just another event location — it's an experience in itself.

A city where medieval meets digital — Tallinn is one of the most digitally advanced cities on Earth, yet its Old Town is a UNESCO World Heritage Site. It's where ancient wisdom and innovation coexist — the perfect setting to expand your mind and vision for the future.

A classroom without walls — One moment, you're in a masterclass with a world-class teacher. Next, you're exploring the winding alleys of the Old Town or gazing across the Baltic Sea from Pirita Beach. This isn't just learning — it's a full-body immersion into new ideas.

From sunrise meditations to unforgettable nights — Whether you're diving deep into a talk on human potential, networking with brilliant minds over dinner, or dancing under the white nights of a Baltic summer, every moment at MVU is designed for transformation.

🌟 Not a Conference. Not a Retreat. A Total Life Upgrade.

Choose Your Own Adventure: Stay for a weekend, a week, or the full two-week experience.
Learn from the Best: Our speaker lineup is filled with global thought leaders in business, relationships, biohacking, spirituality, and more.
Join a Global Tribe: You'll connect with entrepreneurs, creatives, changemakers, and seekers from over 60 countries.

👨‍👩‍👧‍👦 The Only Event of Its Kind That Welcomes Your Family

If you're a parent, this is your chance to share the journey of personal growth with your kids. A full curriculum for Kids & Teens, global experiences, and friendships that last a lifetime.

Ready to experience the most transformational summer of your life?

👉 Click here to get your ticket

See you in Tallinn,
The Mindvalley Events Team

P.S. Every year, MVU sells out. If you're feeling the call, don't wait. Tallinn is waiting for you. ✈️","[Mar 13, 2025 — About Amsterdam]
Audience: MV InfoMailer Database
Subject: Why Amsterdam is the Perfect City for Your Next Big Transformation
Key content: Painted a vivid picture of Amsterdam (canals, bridges, sunsets). Positioned the city as part of the transformation experience. Highlighted: creativity hub, classroom without walls, sunrise-to-nightlife experience. Family-friendly angle with Kids & Teens programs. Urgency: early pricing expiring, limited spots. Signed by Mindvalley Events.",2026-02-20
35,Pre-Event Engagement,Youth Program - Preference Form To Parents,Parents with Youth Program Tickets,Youth Program - Preference Form To Parents,2026-02-28,Saturday,Sent,Link,Preference form link,Sent via Bizzabo. Parents fill out preference form for youth programs.,High,"Hi Álvaro,

To confirm your child's place in the Mindvalley U 2026 Youth Program, please complete the Youth Programs Preference Survey.

One form per child.

We use your answers to plan pick-up permissions, English support, allergies/dietary needs, learning accommodations, and how to best engage your child. We'll also ask about photo/video permission for daily parent updates (Learnlife + Mindvalley).

Survey link: here.

This survey is necessary to confirm a place in the program. If we don't receive the survey by April, 1st, we may need to release the spot to a waitlisted family.

Thank you for helping us awaken their greatness, safely and smoothly.

Mindvalley Youth Programs Team.",[No 2025 reference — operational email],2026-02-21
36,Pre-Event Engagement,Second Reminder To Assign Tickets - March 5th,Buyers with Unassigned Tickets,"Second Reminder To Assign Tickets - March, 5th",2026-03-05,Thursday,Sent,Link,Assign tickets link,Sent via Bizzabo. Second reminder for unassigned tickets.,High,"Hey Álvaro,

A quick (but important) heads-up: one of your Mindvalley U 2026 ticket(s) is currently at risk because it hasn't been assigned to a named ticket holder yet.

Here's why this matters: your registration is only considered complete once every ticket has a ticket holder assigned.

Please take a moment to fix this now:

Assign your ticket holder:

1) Click ""Manage your Registration"" below.
2) For the unassigned ticket, choose one option:
      - Transfer Registration: enter the attendee's first name, last name, and email. They'll receive a link to complete registration.
      - Complete Registration: fill out the attendee details yourself.
3) If you're attending, make sure one ticket is assigned to you.

We can't wait to see you in Tallinn — it's going to be unforgettable.

With love,

The Mindvalley Events team",[No 2025 reference — operational email],2026-02-26
37,Pre-Event Engagement,Third Reminder To Assign Tickets - March 16th,Buyers with Unassigned Tickets,"Third Reminder To Assign Tickets - March, 16th",2026-03-16,Monday,Sent,Link,Assign tickets link,Sent via Bizzabo. Third reminder for unassigned tickets.,Medium,"Hey Álvaro,

A quick (but important) heads-up: one of your Mindvalley U 2026 ticket(s) is currently at risk because it hasn't been assigned to a named ticket holder yet.

Here's why this matters: your registration is only considered complete once every ticket has a ticket holder assigned.

Please take a moment to fix this now:

Assign your ticket holder:

1) Click ""Manage your Registration"" below.
2) For the unassigned ticket, choose one option:
      - Transfer Registration: enter the attendee's first name, last name, and email. They'll receive a link to complete registration.
      - Complete Registration: fill out the attendee details yourself.
3) If you're attending, make sure one ticket is assigned to you.

We can't wait to see you in Tallinn — it's going to be unforgettable.

With love,

The Mindvalley Events team",[No 2025 reference — operational email],2026-03-09
3,Pre-Event Engagement,Attendee Guide,All Valid Ticket Holders,🚀 Your Ultimate Guide to Mindvalley University 2026 is HERE!,2026-03-23,Monday,To Do,Link,Link to Attendee Guide portal,"Tallinn-specific logistics, transport, restaurants, family activities, weather.",High,"Hey [First Name],

Ready to dive into two unforgettable weeks in Tallinn? 🌍✨

Your official Mindvalley University 2026 Attendee Guide is live — and trust us, you'll want to save, star, and bookmark this one.

It's your go-to resource for all things MVU, and since we're constantly adding new info as the event approaches, keep checking back for the latest updates!

Inside, you'll find everything you need to feel like a local and flow like a pro:

🏰 Full scoop on the Hub venue in Tallinn
🎉 The weekly parties + socials (yes, kids are invited too!)
🧒 Top things to do in Tallinn with your little ones
🛟 Emergency contacts + local pharmacy tips
🍽️ Family-friendly restaurants & must-visit spots
🚊 Getting around Tallinn — trams, e-scooters, bikes & more

👉 Click here to explore your guide now

This is more than just a guide — it's your backstage pass to all the magic we're co-creating this summer. ✨

So grab your guide, mark your must-dos, and get ready to meet the tribe in the heart of Tallinn!

With love,
Mindvalley U Team","[Apr 7, 2025 — Attendee Guide]
Audience: All Valid Ticket Holders
Subject: 🚀Your Ultimate Guide to Mindvalley University 2025 is HERE!
Key content: Launched Attendee Guide portal. Covered: venue (Beurs van Berlage), parties, kids activities in Amsterdam, emergency contacts, restaurants, transport (bike, boat, tram). Encouraged bookmarking for continuous updates. Signed by Mindvalley Team.",2026-03-16
39,Pre-Event Engagement,Fourth Reminder To Assign Tickets - March 26th,Buyers with Unassigned Tickets,"Fourth Reminder To Assign Tickets - March, 26th",2026-03-26,Thursday,Sent,Link,Assign tickets link,Sent via Bizzabo. Fourth reminder for unassigned tickets.,Medium,"Hey Álvaro,

This is important — and time-sensitive.

One of your Mindvalley U 2026 tickets is currently at risk because it's still unassigned (no named ticket holder). And until every ticket has a name attached, the registration isn't complete.

Please assign the ticket holder now (it takes 60 seconds):

Click ""Manage your Registration"" below.
Find the unassigned ticket, then choose one:

Transfer Registration: add the attendee's first name, last name, and email (they'll get a link to complete registration).
Complete Registration: enter the attendee details yourself.
If you're attending, make sure one ticket is assigned to you.

We'd hate for something this small to affect your MVU experience. Assign it now and you're all set.

With love,
The Mindvalley Events Team.",[No 2025 reference — operational email],2026-03-19
4,Pre-Event Engagement,Volunteer Reminders,General Volunteer Database,Last Call to Volunteer at Mindvalley University 2026 in Tallinn! 🌍✨,2026-03-27,Friday,To Do,Link,Volunteer application link,Open volunteer applications. Update city and dates.,Medium,"Hey [First Name],

If you've been thinking about volunteering at a Mindvalley event... this is your moment. 🌟

We're currently inviting passionate, high-vibe humans to apply as volunteers for Mindvalley University 2026 — happening in the stunning city of Tallinn, Estonia from July 20 to August 2, 2026.

Volunteering at Mindvalley University isn't just about helping run an event. It's about becoming part of a movement. You'll connect deeply with the global Mindvalley community, contribute your energy to something truly transformational, and walk away with memories (and friendships) that last a lifetime.

👉 Apply to be a volunteer for Mindvalley University 2026 here: [Insert MVU Volunteer Application Link]

Let's co-create something extraordinary,
Mindvalley Events Team","[Apr 11, 2025 — Volunteer Reminders]
Audience: General Volunteer Database
Subject: Last Call to Volunteer at Mindvalley University 2025 + Manifesting Summit in LA
Key content: Volunteer call for MVU Amsterdam Aug 4-17. Emphasized: movement, deep connection, transformation, lifetime friendships. Also included bonus opportunity for Manifesting Summit in LA (May 17-18). Signed by Mindvalley Events Team.",2026-03-20
40,Pre-Event Engagement,Tribe Stage Application,All Valid Ticket Holders (No Youth Program),Tribe Stage Application,2026-04-06,Monday,Sent,Link,Tribe Stage application form,Sent via Bizzabo. Tribe Stage applications opened. NOTE: This overlaps with planned email #5 (Tribe Speaker Application on Apr 20) — may want to remove or repurpose #5.,High,"Hey Álvaro,

Applications for the Tribe Stage at Mindvalley University 2026 are officially open. And this is your chance to become part of the Mindvalley U experience in a bigger way.

The Tribe Stage isn't just a place to host a session. It's where fresh voices rise, powerful ideas are shared, and members of our community step into leadership.

If you've felt the spark to teach, guide, move, awaken, or inspire others—this may be the invitation you've been waiting for.

🎤 What is the Tribe Stage?

The Tribe Stage is a space for Mindvalley Members to lead community sessions during MVU. From transformational workshops and embodiment practices to guided meditations, conscious conversations, and bold new ideas—this is where your wisdom gets to meet the right audience.

We're looking for sessions that are authentic, engaging, and deeply aligned with the Mindvalley spirit.

✨ This is for you if:

✅ You have a valid MVU 2026 ticket
✅ You feel ready to contribute from your experience, heart, and voice
✅ You're excited to create impact within the Mindvalley community

👉 Apply for the Tribe Stage here:
Click here to submit your application

Spaces are limited, and every application will be carefully reviewed.

For some, the Tribe Stage becomes more than a single session. It becomes the beginning of something bigger—a new level of visibility, contribution, and expression within the Mindvalley ecosystem.

So if something in you is saying yes… trust it.

With love and excitement,
The Mindvalley Events Team.",[See email #5 for planned 2026 copy and 2025 reference],2026-03-30
41,Pre-Event Engagement,Fifth Reminder To Unassigned Tickets - April 14th,Buyers with Unassigned Tickets,Fifth reminder to unassigned tickets (April 9th),2026-04-14,Tuesday,Sent,Link,Assign tickets link,"Sent via Bizzabo. Originally scheduled April 9th, actually sent April 14th.",Medium,"Hey Álvaro,

This is serious — please read carefully.

At least one of your Mindvalley U 2026 tickets is still unassigned (no named ticket holder). If you don't take immediate action, this ticket will be canceled.

To keep the ticket active, you must assign it to a specific attendee. Until every ticket has a name attached, registration isn't complete — and unassigned tickets can't be honored at check-in.

Fix this right now (60 seconds):

Click ""Manage your Registration"" below.
Find the unassigned ticket, then choose one:

Transfer Registration: enter the attendee's first name, last name, and email (they'll receive a link to complete registration).
Complete Registration: enter the attendee details yourself.

If you're attending, make sure one ticket is assigned to you.

Don't risk losing this spot. Assign the ticket now and you're fully set.

With love,
The Mindvalley Events Team",[No 2025 reference — operational email],2026-04-07
5,Pre-Event Engagement,Tribe Speaker Application,All Valid Ticket Holders,Your Moment to Shine at Mindvalley University 2026 🌟,2026-04-20,Monday,To Do,Link,Tribe Stage application form,Open Tribe Stage applications. Set deadline ~May 4.,Medium,"Hey [First Name],

We're excited to announce that Tribe Stage Applications are now open for Mindvalley University 2026 in Tallinn (July 20 – August 2)!

This year, we're doing things differently. This isn't just about sharing a session — it's about uncovering the next great Mindvalley Voice.

If you've ever dreamed of being on stage at a Mindvalley event... this is your moment to be seen.

🎤 What is the Tribe Stage?

The Tribe Stage is a dedicated platform where Mindvalley Members like you can lead a session, share your unique wisdom, and show the world what you're made of.

Movement classes, experiential workshops, guided meditations, powerful talks — we welcome it all, as long as it's real, impactful, and aligned with Mindvalley's mission.

✨ This Opportunity Is for You If:

✅ You're an active Mindvalley Member
✅ You hold a valid MVU 2026 ticket
✅ You are not a selected Support Crew Volunteer
✅ You feel called to serve, teach, or inspire from the heart
✅ You're ready to step into your voice and be seen

👉 Apply to take the Tribe Stage here: [Application Link]

📌 Application deadline: May 4th, 2026

Spots are limited, and this year's Tribe Stage is more than just a moment — it's a potential launchpad for your voice within the Mindvalley ecosystem.

So if you feel the call... answer it.

With excitement,
Kadi Oja
Head of Flagship Events

P.S. This opportunity is exclusive to Mindvalley Members with valid MVU 2026 tickets. If you haven't secured yours yet, now's the time. Let your voice be heard. 🎤","[May 5, 2025 — Tribe Speaker Application]
Audience: All Valid Ticket Holders
Subject: Your Moment to Shine at Mindvalley University 2025 🌟
Key content: Opened Tribe Stage applications (deadline Jul 14). Explained concept: platform for members to lead sessions. Eligibility: active member, valid ticket, not a volunteer. Framed as launchpad for voice in MV ecosystem. Signed by Kadi Oja, Head of Flagship Events.",2026-04-13
6,Pre-Event Engagement,Volunteer Stories,Volunteer Database,Have You Volunteered with Us? We'd Love to Hear Your Story 💬,2026-04-24,Friday,To Do,Link,Story submission form,Gather volunteer testimonials.,Low,"Hey [First Name],

Whether you helped guide attendees, supported our speakers, or brought the vibes to the dance floor — if you've volunteered at any Mindvalley event, we want to hear your story.

You are a vital part of the energy that makes our events so unforgettable. And now, we'd love to know:

✨ What did volunteering mean to you?
✨ What was your most memorable moment?
✨ How did the experience impact your life?

We're gathering volunteer stories to celebrate the amazing humans behind the scenes (aka YOU). Your reflections might be featured in our community channels — or even inspire future volunteers to join the journey.

👉 Share your story here: [Form Link]

Big or small, funny or profound — your story matters. Thank you for showing up, supporting the tribe, and being part of the Mindvalley movement.

With gratitude,
Mindvalley Events Team

P.S. If you've been meaning to share but haven't yet — now's the perfect time. We can't wait to read your words. 💙","[May 7, 2025 — Volunteer Stories]
Audience: Volunteer Database
Subject: Have You Volunteered with Us? We'd Love to Hear Your Story 💬
Key content: Called for volunteer testimonials from any past MV event. Asked 3 questions: meaning, memorable moment, life impact. Stories potentially featured in community channels. Signed by Mindvalley Events Team.",2026-04-17
7,Pre-Event Engagement,Accommodation Deals + Attendee Guide Update,All Valid Ticket Holders,Plan Your Stay in Tallinn — Exclusive Accommodation Deals for MVU 🏨,2026-04-27,Monday,To Do,Link,Hotel deals page + Attendee Guide,"Tallinn hotel partnerships. Mention Old Town stays, Kalamaja/Telliskivi Airbnbs.",High,"Hey [First Name],

We're getting closer to Mindvalley University 2026 in Tallinn — and it's time to start planning your stay and getting prepped for the experience of a lifetime. 💫

To make things easy, we've secured exclusive accommodation deals for our Mindvalley University 2026 attendees and updated your Attendee Guide with the latest event details.

🛏️ Where to Stay in Tallinn

We've partnered with top hotels near our event venue to offer discounted rates only available for Mindvalley University attendees.

Options range from charming boutique hotels in the Old Town to modern stays in Tallinn's vibrant Telliskivi and Kalamaja neighborhoods — all within easy reach of the venue.

✨ Explore your accommodation options here: 👉 [Click here to view the exclusive hotel deals]

💡 Tip: Tallinn is becoming one of Europe's hottest summer destinations — we recommend booking early!

📘 Your Updated Attendee Guide

We've also refreshed your Attendee Guide with key info to help you prepare:

✔️ Venue logistics
✔️ Suggested packing list
✔️ Arrival & check-in tips
✔️ Getting around Tallinn (trams, e-scooters, bikes)
✔️ FAQs to keep you in the know

Bookmark the portal for continuous updates — we'll be adding more details as we get closer to the big event.

We can't wait to welcome you to Tallinn this July! 🌍💛

With excitement,
Mindvalley University Team

P.S. Haven't booked your flight yet? Consider arriving a day or two early to explore the Old Town and the Baltic coast before the transformation begins. ✈️🌊","[May 9, 2025 — Accommodation Deals]
Audience: All Valid Ticket Holders
Subject: Plan Your Stay in Amsterdam – Exclusive Accommodation Deals for MVU
Key content: Exclusive hotel deals near Beurs van Berlage. Updated Attendee Guide with venue logistics, packing list, arrival tips, FAQs. Encouraged early booking (Amsterdam fills up in August). Tip to arrive early to explore city. Signed by MV University Team.",2026-04-20
8,Pre-Event Engagement,Speakers Announcement,All Valid Ticket Holders,Meet the First Speakers of Mindvalley University 2026! 🎤✨,2026-05-18,Monday,To Do,Link,Event page / speaker lineup,First wave of speaker reveals. Include 5-10 confirmed names.,High,"Hey [First Name],

The countdown to Mindvalley University 2026 in Tallinn is on... and we're thrilled to share the first wave of extraordinary speakers joining us this July 20 – August 2.

From visionary thinkers to transformational teachers, this lineup is designed to stretch your mind, open your heart, and elevate every area of your life — from mindset to leadership, relationships to personal transformation.

🌟 Here's Your First Look at the Lineup:

[Speaker 1] — [One-line bio]
[Speaker 2] — [One-line bio]
[Speaker 3] — [One-line bio]
[Speaker 4] — [One-line bio]
[Speaker 5] — [One-line bio]

And of course, some of your most-loved Mindvalley speakers will also return to the stage:

[Returning Speaker 1] — [One-line bio]
[Returning Speaker 2] — [One-line bio]
Vishen — Founder of Mindvalley & your guide through the extraordinary

And this is just the beginning.

This is more than a lineup. It's a movement of minds and souls coming together in one of Europe's most captivating cities. And the best part? You'll be right there in the heart of it.

Let the countdown begin,
The Mindvalley Events Team

P.S. More speakers will be announced soon — stay tuned and stay inspired. 🌍✨","[Jun 3, 2025 — Speakers Announcement]
Audience: All Valid Ticket Holders
Subject: Meet the First Speakers of Mindvalley University 2025! 🎤✨
Key content: First wave of speakers: Brendan Kane, Roxie Nafousi, Itay Talgam, Emanuela Deyanova, Kwame Christian. Returning: Jimmy Naraine, Linda Clemons, Marie Diamond, Paul McKenna, Vishen. Framed as movement, not just lineup. Teased more announcements coming. Signed by MV Events Team.",2026-05-11
9,Pre-Event Engagement,Style Guide Announcement,All Valid Ticket Holders,Ready for the Magic? Your Mindvalley U 2026 Party Guide is Here 💃,2026-06-05,Friday,To Do,Link,Style Guide PDF download,"Party themes, dress codes, venues in Tallinn.",High,"Hey [First Name],

Every great story has moments you never forget. At Mindvalley U 2026, those moments won't just happen in the sessions or the workshops...

They'll come alive under the Baltic summer sky, in historic courtyards, on rooftop terraces, and beside strangers who become family.

To help you fully step into the Mindvalley U experience, we've created something special: Your official Style Guide — a curated map of where to go, what to wear, and how to show up for the most magical nights of the year.

✨ Week 1 Highlights (July 20-25):

🪩 Monday, July 20 — Welcome Social
[Venue TBD], 7 PM – 11 PM
A warm gathering to meet your fellow tribe members. Casual, light, joyful — dress however you feel most like YOU.

🌟 Thursday, July 23 — [VIP Party Theme TBD] (VIP & First Class only)
[Venue TBD], 9 PM – 1 AM
An exclusive evening designed for connection and celebration. Dress code details in the Style Guide.

⚡ Saturday, July 25 — [Main Party Theme TBD]
[Venue TBD], 8:30 PM – 2 AM
The main party of Week 1. Bold, electric, unforgettable.

🌿 Week 2 Highlights (July 27 - August 1):

🪩 Monday, July 27 — Welcome Social
[Venue TBD], 7 PM – 11 PM
Casual, light, joyful — come as you are and be ready to mingle.

☀️ Thursday, July 30 — [VIP Party Week 2 Theme TBD] (VIP & First Class only)
[Venue TBD], 9 PM – 1 AM
Another magical evening exclusively for VIP & First Class guests.

🎷 Saturday, August 1 — [Closing Party Theme TBD]
[Venue TBD], 8:30 PM – 2 AM
The grand finale. Go all in. Sparkle hard. Dance harder.

💫 And for our youngest tribe members?
We love seeing families celebrate together — and your kids are welcome to join the fun! For Saturday main parties, we'll have a dedicated kids' area and activities. VIP parties are designed mainly for adults (recommended 16+).

📎 All the event details, times, venues, and dress inspo live inside your Style Guide:

👉 [Click here to access the full Mindvalley U 2026 Style Guide PDF]

These events aren't just social — they're transformational. They're the heartbeat of Mindvalley U. And how you show up matters. Not to impress, but to express.

Looking forward to seeing you there!

With love,
Mindvalley U Team

P.S. Remember:
✔️ Bring your MVU wristband to every event
✔️ Bring cash/card for food & drinks at the venues
✔️ Come ready to connect, move, laugh, and be seen ✨","[Jun 20, 2025 — Style Guide Announcement]
Audience: All Valid Ticket Holders
Subject: Ready for the Magic? Your Mindvalley U 2025 Party Guide is Here 💃
Key content: Launched Style Guide PDF. Week 1: Welcome Social at Tolhuistuin, On Cloud 9 at A'DAM Tower (VIP), Into the Future at Amaze. Week 2: Welcome Social, Summer by the Park at Vondelpark (VIP), Roaring 1920s Closing at Het Sieraad. Kids welcome at main parties (dedicated area). VIP parties recommended 16+. Signed by MV U Team.",2026-05-29
10,Pre-Event Engagement,Lineup Update,All Valid Ticket Holders,New Speakers Just Announced — This Summer in Tallinn Will Change Everything ✨,2026-06-22,Monday,To Do,Link,Full lineup page,Second wave of speakers. 3-4 new headline names.,High,"Hey [First Name],

Every year at Mindvalley U, we gather the world's most brilliant minds in personal transformation to spark something extraordinary within you.

But this year?

Something even bigger is unfolding in Tallinn...

For the very first time, we're welcoming powerhouse visionaries who've never graced the Mindvalley stage before — and their arrival is sending ripples of anticipation through our entire community.

Let us introduce you to the trailblazers making their Mindvalley U debut:

[New Speaker 1] — [Compelling one-line bio]

[New Speaker 2] — [Compelling one-line bio]

[New Speaker 3] — [Compelling one-line bio]

[New Speaker 4] — [Compelling one-line bio]

These teachers aren't joining us just to share information... they will be on stage to lead life-changing transformations.

And you get to be there to experience it all.

We don't say this lightly — you will never forget what happens in Tallinn.
And you'll never be the same after it.

With wonder,
Mindvalley U Team ✨

P.S. Are you planning to apply to speak at Mindvalley U? 🚨 The application deadline is approaching. If you've got a message to share with our tribe... now's the time to raise your hand.

👉 Apply here before [deadline date] — or forever hold your peace. 😉","[Jul 9, 2025 — Lineup Update]
Audience: All Valid Ticket Holders
Subject: Four world-shifting teachers. One life-changing summer. This is your moment.
Key content: Second wave reveal: Dr. Amanda Hanson, Daniel Priestley, Garry Lineham (Human Garage), Alyssa Nobriga. Each with compelling bio paragraph. Framed as debut speakers. Tribe Stage reminder (deadline Jul 14). Signed by MV U Team.",2026-06-15
11,Pre-Event Engagement,Youth Programs Waiver,Youth Programs Ticket Holders,One Quick Step to Complete Before Mindvalley U 💛,2026-06-22,Monday,To Do,Link,Waiver signing link,Mandatory waiver for Kids & Teens Programs.,High,"Hey [First Name],

We're getting closer to welcoming your family to Mindvalley U 2026 in Tallinn — and our team is buzzing with excitement to create an unforgettable experience for your little (and not-so-little!) ones. 🌱

To help us keep every child safe, supported, and cared for, we ask all parents and guardians to complete a mandatory waiver for the Kids & Teens Programs.

It's a simple step, but it's an important one — and it must be completed before the event.

👉 Click Here To Sign. Please kindly sign it as soon as possible.

This helps us ensure your child's experience is smooth, secure, and full of magic. ✨

Thank you for being part of this journey — and for trusting us with your most important humans.

With love,
The Mindvalley Events Team","[Jul 7, 2025 — Youth Programs Waiver]
Audience: All Valid Ticket Holders (with youth)
Subject: One Quick Step to Complete Before Mindvalley U 💛
Key content: Mandatory waiver for Kids & Teens Programs. Must be completed before event. Simple, warm tone emphasizing child safety. Signed by Mindvalley Events Team (originally by Gigi Marquez Suarez).",2026-06-15
12,Pre-Event Engagement,VIP Upgrade Offer,All Valid Ticket Holders (non-VIP/FC),Your First-Class Invitation Is Still Open 💜,2026-06-29,Monday,To Do,Link,First-Class upgrade form,Upsell to First Class.,Medium,"Hey [First Name],

We noticed you haven't filled out your First-Class upgrade form yet — and we wanted to give you a gentle nudge 💜

If this has been on your mind, you're just one form away from experiencing Mindvalley U at its highest frequency.

✅ Private dinner with our top speakers
✅ Front row seats (because you came here to go big)
✅ Exclusive First-Class & VIP-only social gatherings
✅ Personal concierge-level care from our Events team

Sounds like something you want?

👉 Fill out the First-Class request form now — and our team will be in touch right after.

We're down to just a handful of seats, so don't wait too long.
This is your chance to step into the room where the biggest shifts happen.

With love & elevation,
Mindvalley U Team","[Jul 23, 2025 — VIP Upgrade]
Audience: All Valid Ticket Holders
Subject: Your First-Class Invitation Is Still Open
Key content: Gentle upsell nudge for First-Class upgrade. Perks listed: private speaker dinner, front row, exclusive parties, personal concierge. Urgency: handful of seats left. Link to request form. Signed by MV U Team.",2026-06-22
13,Pre-Event Engagement,SIX App,All Valid Ticket Holders,Your Access to the Mindvalley U Community: Meet the SIX App 🤝,2026-07-01,Wednesday,To Do,Link,App Store + Play Store links,Introduce Six networking app.,Medium,"Hey [First Name],

It's almost time. Tallinn is calling, and the countdown to Mindvalley U 2026 has officially begun. 🎉

But here's the thing — your Mindvalley U journey doesn't start at the check-in desk. It starts the moment you join our community app: Six.

Six is Mindvalley's social app, built for brilliant minds like yours to connect, collaborate, and celebrate before the first session even begins.

Think of it as your digital passport into a thriving, global tribe of visionaries.

Here's what you'll love:

✅ Improved matching: Check out the 'Discover' tab — you'll get daily recommendations for new friends and peers based on your interests, location, and more.
✅ Meet your fellow attendees in advance: Say hello to future co-founders, best friends, and the people you'll see on the dance floor.
✅ Chat effortlessly: Organize dinners, co-working sessions, or sunrise walks along the Baltic coast.
✅ Host your own meetups: Browse community-led events and create your own gatherings around Tallinn.

Already used Six before? You'll be added to the Mindvalley U 2026 network automatically.

New to the app? Keep an eye on your inbox — once you've been added to the network, we'll send you an exclusive invite code and setup instructions.

How to download the app:

📱 iOS: [Link]
📱 Android: [Link]

With Six in your pocket, Mindvalley U becomes more than an event — it becomes your new tribe, your new Tallinn family, and your next level.

See you soon under the Baltic skies,
Mindvalley U Team

*Please note that the latest version is required to experience all the new features of the app.","[Jul 25, 2025 — SIX App]
Audience: All Valid Ticket Holders
Subject: Your Access to the Mindvalley U Community: Introducing the SIX App
Key content: Introduced Six networking app. Features: matching algorithm, pre-event connections, chat, community-led meetups. Existing users auto-added to 2025 network. New users get invite code. iOS + Android links. Framed as 'digital passport to the tribe'. Signed by MV U Team.",2026-06-24
14,Pre-Event Engagement,VIP Experience Details,VIP Ticket Holders,Your VIP Experience at Mindvalley U 2026 in Tallinn 💫,2026-07-06,Monday,To Do,Link,Party Style Guide link,Full VIP access breakdown. Tallinn-specific venues.,High,"Hey [First Name],

The countdown is officially on, and we're so excited to welcome you to your Mindvalley U 2026 VIP experience — a journey designed to elevate every moment of your growth. 💛

Before we dive into your access list, don't forget:
👉 Full details on parties and socials — including dress codes and themes — can be found in the Party Style Guide. We recommend reviewing it so you're ready to celebrate in style.

Here's what's included with your VIP pass:

✅ Full access across all stages and sessions
✅ Fast-track check-in
✅ Priority seating in the main auditoriums
✅ Recordings of Visionary Stage and Insights Stage sessions
✅ Access to the event agenda app
✅ Access to networking app Six
✅ Access to the Welcome Social events
✅ Access to legendary main parties
✅ Access to special invite-only VIP parties
✅ Networking & growth opportunities

We will be sharing last-minute reminders with venue info, registration & agenda timings soon. Please keep an eye on your inbox.

Your next-level adventure starts now. 🚀

With love,
Mindvalley U Team","[Jul 2025 — VIP Experience]
Audience: VIP Ticket Holders
Subject: Your Experience as a VIP ticket holder at Mindvalley U 2025💫
Key content: Full VIP perk breakdown: all stages, fast-track check-in, priority seating, recordings, agenda app, Six app, Welcome Social, main party, VIP-only party, networking. Referenced Party Style Guide. Teased last-minute reminders. Signed by MV U Team.",2026-06-29
15,Pre-Event Engagement,First Class Experience Details,First-Class Ticket Holders,Your First Class Experience at Mindvalley U 2026 in Tallinn 💫,2026-07-06,Monday,To Do,Link,Party Style Guide + Speaker Dinner details,Full First Class breakdown with speaker dinner details.,High,"Hey [First Name],

This summer, you're not just attending Mindvalley U... you're experiencing it First Class. 🌍✨

With your ticket, you have access to every elevated moment we've curated for our community members.

Before we dive into your access list, don't forget:
👉 Full details on parties and socials — including dress codes and themes — can be found in the Party Style Guide. We recommend reviewing it so you're ready to celebrate in style.

Here's what's included with your First Class pass:

✅ Fast-track check-in
✅ First row seating in the main auditoriums
✅ Full access across all stages and sessions
✅ Recordings of Visionary Stage and Insights Stage sessions
✅ Access to the event agenda app
✅ Networking & growth opportunities
✅ Access to Mindvalley networking app: Six
✅ Access to Welcome Social events
✅ Access to the legendary main parties
✅ Special invite-only VIP parties
✅ Private Speaker Dinners with Mindvalley speakers

🍷 First Class Speaker Dinners — Mark Your Calendar!

As a First Class guest, you're warmly invited to the exclusive Speaker Dinners — intimate evenings of connection, insight, and fine food with fellow visionaries and our Mindvalley speakers.

🍽️ [Restaurant TBD]
📅 [Week 1 date TBD]
🕢 7:30 PM – 11:30 PM
📍 [Address in Tallinn]
🌿 Buffet-style dinner and selection of drinks

🍽️ [Restaurant TBD]
📅 [Week 2 date TBD]
🕢 7:30 PM – Midnight
📍 [Address in Tallinn]
🌿 Buffet-style dinner and selection of drinks

We will be sharing last-minute reminders with venue info, registration & agenda timings soon. Please keep an eye on your inbox.

We're honored to have you join this circle of creators, leaders, and change-makers. Let's make it unforgettable.

With love,
Mindvalley U Team","[Aug 2025 — First Class Experience]
Audience: First-Class Ticket Holders
Subject: Your Experience as a First Class Ticket Holder at Mindvalley U 2025 💫
Key content: All VIP perks PLUS: first row seating, private Speaker Dinners. Two dinners listed: Carstens Brasserie (Aug 5) and Satchmo (Aug 12), both in Amsterdam with buffet and drinks. Full access breakdown. Signed by MV U Team.",2026-06-29
16,Pre-Event Engagement,Agenda App,All Valid Ticket Holders,Here's Your Agenda App for Mindvalley U 2026 ✨,2026-07-10,Friday,To Do,Link,App link,Launch agenda app with full schedule.,High,"Hi [First Name],

We're thrilled to welcome you to Mindvalley U 2026 — and your experience is about to get even smoother (and smarter).

To stay informed about daily schedules and everything happening across all age groups, we'll be using the Mindvalley U App as your go-to tool.

📲 Get Started Now

Access the app here: [App URL]

⏳ Heads up: the first time you open the app, it might take a moment to load — but after that, it runs quickly and smoothly.

🔍 What You'll Find Inside

✨ Full event schedule for adults, teens, and kids
🧠 Details on every talk, workshop, and speaker
💻 Optimized for both mobile and web — simply bookmark it on your laptop for easy access

📖 Need more info? You can always refer to the Attendee Guide for tips, answers, and important event info.

We can't wait to co-create this unforgettable journey with you in Tallinn.

With excitement,
Mindvalley U Team","[Jul 29, 2025 — Agenda App]
Audience: All Valid Ticket Holders
Subject: Here's Your Agenda App for Mindvalley U ✨
Key content: Launched agenda app (mvuapp.mindvalley.com). Features: full schedule for all age groups, speaker details, mobile + web optimized. First load may be slow. Referenced Attendee Guide for more info. Signed by MV U Team.",2026-07-03
17,Pre-Event Engagement,Impact Survey,All Past Event Attendees,Did You Find Love at a Mindvalley Event? ✨,2026-07-13,Monday,To Do,Link,Survey link (Airtable form),Collect impact stories from past attendees.,Low,"Hey [First Name],

Did you find love at a Mindvalley event?

Did you meet someone who became a best friend, a co-founder, a mentor — or maybe your soulmate?

Did you walk away with a deeper sense of purpose, or a breakthrough that changed your path?

If you've ever attended a Mindvalley event — from A-Fest to Summit to Mindvalley U — you know it's more than just personal growth.

It's a portal into a life that's more aligned. More expansive. More connected.

And sometimes... that simple decision to attend changes everything.

That's why we're asking for 60 seconds of your time to share your experience with us. We're collecting real, powerful data about what actually happens at our events — and your story matters more than you think.

👉 Click here to fill out our Impact Survey.

Your answers could help us show the world what this community is really about.

Not just transformation, but connection, purpose, and real-world magic.

Thank you for being part of this journey — and for taking a moment to reflect on how far we've come together.

With gratitude,
Mindvalley Events Team","[Jul 31, 2025 — Impact Survey]
Audience: All past event attendees
Subject: Did You Find Love at a Mindvalley Event?✨
Key content: Emotional hook about connections made at events. Asked for 60-second survey about impact of attending. Framed as collecting real data about community. Airtable form link. Signed by MV Events Team.",2026-07-06
18,Pre-Event Last Mile,Last Reminders,All Valid Ticket Holders,Mindvalley U 2026: All You Need To Know Before Arriving 🌍,2026-07-17,Friday,To Do,Link,Attendee Guide + App links,Essential pre-arrival info. CRITICAL email.,Critical,"Dear [First Name],

We're just days away from Mindvalley U 2026 in beautiful Tallinn — and we couldn't be more excited to welcome you to what promises to be an unforgettable summer of transformation, connection, and community. 🌞

Below you'll find a few essential reminders to help you arrive and settle in smoothly.

🛂 Registration — Monday, July 20

📍 [Venue Name], [Address], Tallinn
🕗 Register early from 10:30 AM onwards, main program will kick off at 1 PM sharp.

Come by to pick up your wristband, welcome materials, and say hi to your fellow attendees!

☕ Food and drinks will be available for purchase at the venue.
💳 Bring your card for onsite purchases.
🚰 Don't forget your reusable water bottle — free water stations available throughout the venue.

Please remember: You must wear the Mindvalley U wristband to enter all official events and parties.

📱 Download the Mindvalley U Agenda App

This is your go-to for everything at the venue: schedules, speaker details, and all age-group programming.
👉 [App URL]
💡 Tip: The initial load might take a few seconds — but after that, it runs fast and smooth.

🧑‍🤝‍🧑 Start Connecting through our Community App: Six

Six is where the real community magic happens. 🤝 Use it to connect with fellow attendees, find community events, and discover connection recommendations.

📱 iOS: [Link]
📱 Android: [Link]

🧭 Navigating Tallinn

Mindvalley U takes place at [Venue Name], in the heart of the city. Tallinn is incredibly walkable, with excellent tram connections and e-scooter availability. The Old Town is just minutes away.
✨ Explore your travel tips and hotel deals in your Attendee Guide.

👨‍👩‍👧‍👦 For Parents — Youth Program Updates

Youth Programs kick off on July 20 at 1:00 PM, aligned with the main adult programming. We've created dedicated WhatsApp groups for real-time updates and check-ins.

📲 Join them here:
➡️ Kids Program (6-12 years old): [Link]
➡️ Teens Program (13-17 years old): [Link]

Please note: All youth attendees must be registered at check-in before joining their program.

🧳 Packing List Highlights

✔ Comfortable clothes for warm weather + light rain jacket (expect 18-28°C)
✔ A notebook and pen
✔ Outfits/costumes for theme parties & socials
✔ Exercise gear or yoga mat for embodiment mornings
✔ Water bottle
✔ Chargers/adapters if needed
✔ A sense of wonder and a ready heart 💛

🎉 Welcome Social — July 20, Evening

Let's kick things off with a celebration. Expect live music, laughter, and instant connections.
👗 No dress code — come as you are and enjoy.
🔗 Access the 2026 Parties and Socials Style Guide for more info.

We can't wait to welcome you in Tallinn — to grow together, dance under the Baltic summer sky, and co-create a chapter you'll never forget.

With love,
Mindvalley University Team","[Aug 1, 2025 — Last Reminders]
Audience: All Valid Ticket Holders
Subject: Mindvalley U 2025: All You Need To Know Before Arriving 🌍
Key content: Registration (Aug 4 at Beurs van Berlage, 10:30 AM+). Agenda App + Six App links. Navigating Amsterdam (trams, bikes, ferries). Youth Programs (WhatsApp groups for Kids 6-12 & Teens 13-17). Packing list (16-28°C weather). Welcome Social info. Style Guide link. Wristband requirement. Signed by MV University Team.",2026-07-10
19,Pre-Event Last Mile,Week 1 Summary / Day Before,All Valid Ticket Holders,Are You Ready for Week 1 Magic? ✨,2026-07-19,Sunday,To Do,Link,Agenda App + Style Guide links,"Day-before email. Registration, speakers, parties, Youth info.",Critical,"Hey [First Name],

The moment we've all been waiting for is finally here — Week 1 of Mindvalley U 2026 kicks off tomorrow in the heart of Tallinn! 🇪🇪

Here's everything you need to know to start strong:

🛂 Registration — Monday, July 20

📍 [Venue Name], [Address], Tallinn
🕗 Register early from 10:30 AM onwards

Come by to pick up your wristband, welcome materials, and say hi to your fellow attendees! The Welcome Session begins shortly after; please arrive early to complete your registration. Your kids will be welcome to their respective programs starting at 1 PM.

Delicious options will be available at the venue throughout the day — from coffee and snacks to full lunch offerings.
💳 Bring your card for onsite purchases.
🚰 Don't forget your reusable water bottle.

🌟 Welcome Session with Vishen

🕐 Starts at 1:00 PM sharp on Monday, July 20.
Join us as Vishen officially opens this year's journey, setting the tone for the next two weeks of transformation and connection.

🧒 Youth Programs kick off at 1:00 PM only on Monday, July 20. Make sure you drop off your kids at their respective programs shortly before heading to the Welcome Session, and pick them up by 5:05 PM. During the rest of Mindvalley U, Youth Programs will run from 10:00 AM to 12:00 PM and 2:00 PM to 5:00 PM.

🤩 What else is happening at Mindvalley U Week 1?

👏 Amazing speakers will be taking the stage during Week 1, including [Speaker list TBD].

📖 Mindvalley Book Club will be hosting sessions with incredible authors and speakers during lunch breaks.

And of course, there will be parties: the Welcome Social on Monday, the exclusive VIP Party on Thursday, and the Main Party on Saturday.

🎉 Welcome Social — Monday Night

📍 [Venue TBD], Tallinn
🕖 7 PM – 11 PM

We start Mindvalley U with a joyful celebration of our global tribe. Expect music, connection, dancing, and kid-friendly activities.
👗 No dress code — come as you are and be ready to mingle.
🔗 For more info on all social and evening events: Access the 2026 Parties and Socials Style Guide

See you soon in Tallinn — it's going to be unforgettable.

With love,
The Mindvalley U Team

P.S. Don't forget to download the Mindvalley U Agenda app to stay informed about all the sessions. For Community announcements on WhatsApp, join the MVU 2026 channel here: [Link]","[Aug 3, 2025 — Week 1 Summary]
Audience: All Valid Ticket Holders
Subject: Are You Ready for Week 1 Magic? ✨
Key content: Registration (Aug 4 at Beurs van Berlage, 10:30 AM). Welcome Session with Vishen at 1 PM. Youth Programs at 1 PM (WhatsApp groups). Speaker list (Vishen, Nir Eyal, Eric Edmeades, Marie Diamond, Paul McKenna, etc.). Book Club sessions. Parties: Welcome Social (Tolhuistuin), On Cloud 9 VIP (A'DAM Tower), Into the Future (Amaze). Signed by MV U Team.",2026-07-12
20,During Event Week 1,One Talk Workshop (or equivalent bonus),All Valid Ticket Holders,Special Bonus Workshop at Mindvalley U 2026 🎤,2026-07-20,Monday,To Do,Link,RSVP link,Bonus workshop. Only send if applicable to 2026 programming.,Medium,"Hey [First Name],

What if just one experience could change the trajectory of your career, your brand — or your life?

We're thrilled to announce a special bonus workshop happening during Mindvalley U 2026:

📅 [Dates TBD]
🕓 [Times TBD]
📍 Live in Tallinn + Streamed Globally

👉 RSVP Now by clicking this link: [RSVP Link]

You'll walk away with:
✓ [Key takeaway 1]
✓ [Key takeaway 2]
✓ [Key takeaway 3]
✓ [Key takeaway 4]

To join, simply click on the link above and RSVP.

We can't wait to see you there.

With gratitude,
Mindvalley U Team

P.S. Got a life-changing transformation thanks to Mindvalley? 🎥 We're filming inspiring stories at Mindvalley U — click here to share yours and you could get featured! 💫","[Aug 4, 2025 — One Talk Workshop]
Audience: All Valid Ticket Holders
Subject: Special Bonus Workshop: The One Talk Workshop with Eric Edmeades 🎤
Key content: One Talk Workshop with Eric Edmeades. 3 afternoons (Aug 5-7), 4-8 PM CET. Part of Speaking & Influence Mastery program. Takeaways: complete talk, proven frameworks, real-time coaching, confidence. RSVP link. P.S. linked to transformation story form. Signed by MV U Team.",2026-07-13
21,During Event Week 1,VIP Party Week 1,VIP + First-Class Ticket Holders,You're Invited: [VIP Party Theme TBD] ✨,2026-07-22,Wednesday,To Do,Link,Venue details + map link,VIP/FC exclusive party. Tallinn venue TBD.,High,"Hey [First Name],

You're invited to an unforgettable evening — a First Class and VIP-only celebration designed to honor your journey in true Mindvalley style. ✨

📍 Location: [Venue TBD], Tallinn
📅 Date: Thursday, July 23, 2026
🕘 Time: 9 PM – 1 AM

🚶 How to Get There:
[Transport details TBD — walking directions, taxi info, etc.]

👗 Dress Code:
[Theme and dress code TBD — will match the Style Guide]

🍏 F&B: Drinks and food available for purchase on the spot by card or cash.

Note for parents: VIP parties are designed for adults, and we recommend attendance for guests aged 16+. If younger children do join, venue regulations require that they leave before midnight.

This is your moment to connect deeply, celebrate boldly, and take in the beauty of Tallinn with your tribe.

See you there, dressed to shine,
The Mindvalley U Team

P.S. Don't forget to wear your Mindvalley U wristband to enter. It's the only way to access the party.","[Aug 7, 2025 — VIP On Cloud 9 Party]
Audience: VIP Ticket Holders
Subject: Your Invite to the VIP On Cloud 9 Party at A'DAM Tower 🥂
Key content: VIP party at A'DAM Tower. Aug 7, 9 PM-1 AM. Transport: free F3 ferry from Central Station. Dress code: flowing fabrics, silver/white/pale blue, ethereal. Wristband required for entry. Parents note: 16+ recommended. Signed by MV U Team.",2026-07-15
22,During Event Week 1,Main Party Week 1,All Valid Ticket Holders,[Main Party Theme TBD] — Tonight We Go Big 🚀,2026-07-24,Friday,To Do,Link,Venue details + map link,Main party of Week 1. Tallinn venue TBD.,High,"Hi [First Name],

This Saturday, July 25th, we're taking you somewhere extraordinary...

[Party Name TBD] is not just a party — it's an experience.

From the moment you step in, you'll be surrounded by [description TBD based on theme and venue]. Bold. Electric. Unforgettable.

📍 Location: [Venue TBD], Tallinn
🕗 Time: 8:30 PM – 2:00 AM

✨ For Families: Kids will have a dedicated space with activities so younger guests can enjoy their own magic.
🍽 Food & Drinks: Bring card or cash for purchases. Dinner options will be available.
🎟 Tickets: Included with your Mindvalley U pass. Just wear your wristband for seamless entry.

This isn't just a Saturday night out. This is [Party Name].
See you on the dance floor.

With excitement,
The Mindvalley U Team","[Aug 9, 2025 — Amaze Party / Into the Future]
Audience: VIP Ticket Holders (separate version for all)
Subject: 🚀Step Into the Future Tonight
Key content: Into the Future party at Amaze venue. Aug 9, 8:30 PM-2 AM. LED tunnel, immersive space. Kids dedicated area. F&B by card/cash. Wristband entry. Signed by MV U Team.",2026-07-17
23,During Event Week 1,Feedback Week 1,All Valid Ticket Holders,Share Your Feedback About Week 1 & Win a Ticket for MVU 2027 🌟,2026-07-25,Saturday,To Do,Link,Feedback survey link,Collect Week 1 feedback. Prize: 2 x MVU 2027 tickets.,High,"Hi [First Name],

Your voice matters — and we'd love to hear it.

We're gathering feedback on your experience about Week 1 at Mindvalley U 2026 to make next year even more extraordinary.

✨ As a thank you, everyone who submits their feedback about Week 1 will be entered into a draw to select two winners for Mindvalley U 2027.

📌 Important: If you choose to remain anonymous, you are welcome to share your feedback — but please note that anonymous entries cannot participate in the draw, as we'll have no way to contact you.

📝 Share your feedback here: [Survey Link]

Your insights will help us shape the magic of next year's event. Thank you for co-creating this journey with us.

With gratitude,
The Mindvalley U Team","[Aug 11, 2025 — Feedback Week 1]
Audience: All Valid Ticket Holders
Subject: Share Your Feedback About Week 1 & Win a Ticket for Mindvalley U 2026 🌟
Key content: Week 1 feedback collection. Prize: 2 x MVU 2026 tickets. Anonymous entries can't participate in draw. Survey link. Signed by MV U Team.",2026-07-18
24,During Event Week 2,Welcome to Week 2,All Valid Ticket Holders,Welcome to Week 2 — The Journey Continues ✨,2026-07-26,Sunday,To Do,Link,Agenda App + Style Guide links,"Week 2 overview: registration, speakers, parties, Youth updates.",High,"Dear [First Name],

Welcome to Week 2 of Mindvalley U 2026 in Tallinn — where the magic keeps unfolding. Whether you've been with us since Day 1 or are just joining now, this week promises powerful learning, deep connection, and nights you'll never forget.

Here's a glimpse of what's ahead:

🎟️ Registration: On Monday, July 27, registration opens at 8:30 AM. From Tuesday onward, it will start at 9:00 AM daily. Content sessions begin promptly at 10:00 AM each day — so arrive early and settle in for an inspiring start.

🧒 Youth Programs start daily at 10:00 AM.
Join us for Parent Orientation on Monday, July 27.
Stay tuned for important updates — all announcements will be shared in the dedicated Youth WhatsApp Groups.

➡️ Kids Program (6-12 years old) Parents WhatsApp Group: [Link]
➡️ Teens Program (13-17 years old) Parents WhatsApp Group: [Link]

🎤 Inspiring Talks & Workshops (Check your Mindvalley U Agenda App for full details)

[Speaker list TBD for Week 2]

About Session Feedback: In addition to the session ratings, we would love to hear your overall feedback about your experience so far. Please take a moment to share your thoughts with us here: [Link]

🎉 Unforgettable Evenings (Check your Style Guide for dress codes)

🌇 Monday, July 27 — Welcome Social
[Venue TBD], 7 PM – 11 PM
Ease into the week with fresh faces and familiar friends.

🌿 Thursday, July 30 — [VIP Party Theme TBD] (VIP & First Class)
[Venue TBD], 9 PM – 1 AM
An exclusive evening of elegance and connection.

💃 Saturday, August 1 — [Closing Party Theme TBD]
[Venue TBD], 8:30 PM – 2 AM
The grand finale. A glittering celebration to close our journey together.

Let's make Week 2 unforgettable.

Warmly,
The Mindvalley U Team","[Aug 9, 2025 — Welcome to Week 2]
Audience: All Valid Ticket Holders
Subject: Welcome to Week 2 — The Journey Continues ✨
Key content: Week 2 overview. Registration (Aug 11, 8:30 AM). Youth Programs + WhatsApp groups. Speaker highlights (Emanuela Deyanova, Ronan Diego, Alyssa Nobriga, Kwame Christian, Regan Hillyer, Billy Carson, Noelle Russell, Dorie Clark, Daniel Priestley, Prince EA). Evening events: Welcome Social (Tolhuistuin), Summer by the Park (VIP, Vondelpark), Roaring 1920s Closing (Het Sieraad). Signed by MV U Team.",2026-07-19
25,During Event Week 2,VIP Party Week 2,VIP + First-Class Ticket Holders,You're Invited: [Week 2 VIP Party Theme TBD] ✨,2026-07-29,Wednesday,To Do,Link,Venue details + map link,Week 2 VIP/FC exclusive party.,High,"Dear [First Name],

You're invited to one of the most enchanting evenings of Mindvalley U 2026:

🌟 [Party Theme TBD]

📍 Location: [Venue TBD], Tallinn
🗓 Date: Thursday, July 30th
🕘 Time: 9 PM – 1 AM
🍏 F&B: Drinks and food available for purchase on the spot by card or cash.

[Venue description TBD — atmosphere, what makes it special]

Music will be in charge of these incredible artists:
[DJ/Artist lineup TBD]

And the dress code?
[Dress code TBD — aligned with party theme and Style Guide]

Note for parents: VIP parties are designed for adults, and we recommend attendance for guests aged 16+. If younger children do join, venue regulations require that they leave before midnight.

This is a celebration of presence, connection, and the beauty of a Baltic summer night well-lived. ✨

We can't wait to share this magic with you.

With love,
Mindvalley U Team

P.S. Do you have a powerful transformation story from Mindvalley? Share it with us here — your journey might inspire someone else's future.","[Aug 14, 2025 — VIP Summer By The Park]
Audience: VIP + First-Class Ticket Holders
Subject: You're Invited: A Summer Night in the Heart of Vondelpark ✨
Key content: Summer by the Park at Park Zuid, Vondelpark. Aug 14, 9 PM-1 AM. Dress code: summer elegance, flowing fabrics, soft pastels, wide-brimmed hats. 16+ recommended. F&B by card/cash. Transformation story link in P.S. Signed by MV U Team.",2026-07-22
26,During Event Week 2,Feedback Week 2,All Valid Ticket Holders,Share Your Feedback About Week 2 & Win a Ticket for MVU 2027 🌟,2026-08-01,Saturday,To Do,Link,Feedback survey link,Collect Week 2 feedback. Prize: 2 x MVU 2027 tickets.,High,"Hi [First Name],

Your voice matters — and we'd love to hear it.

We're gathering feedback on your experience of Week 2 at Mindvalley U 2026 to help us make next year's event even more extraordinary.

✨ As a thank you, everyone who submits their feedback about Week 2 will be entered into a draw to select two winners for Mindvalley U 2027.

📌 Important: If you choose to remain anonymous, you are welcome to share your feedback — but please note that anonymous entries cannot participate in the draw, as we'll have no way to contact you.

📝 Share your feedback here: [Survey Link]

Your insights will help us shape the magic of next year's event.

Thank you for co-creating this journey with us.

With gratitude,
The Mindvalley U Team","[Aug 16, 2025 — Feedback Week 2]
Audience: All Valid Ticket Holders
Subject: Share Your Feedback About Week 2 & Win a Ticket for Mindvalley U 2026 🌟
Key content: Week 2 feedback collection. Prize: 2 x MVU 2026 tickets. Anonymous entries can't enter draw. Survey link. Signed by MV U Team.",2026-07-25
27,During Event Week 2,Closing Party,All Valid Ticket Holders,Tonight: The Grand Finale — [Closing Party Theme TBD] 🎷,2026-08-01,Saturday,To Do,Link,Venue details + map link,Closing party. Biggest party of the event.,High,"Hi [First Name],

Tonight is the night.

The grand finale of Mindvalley U 2026 — and we're going all in.

🎷 [Closing Party Theme TBD]

📍 Location: [Venue TBD], Tallinn
🕗 Time: 8:30 PM – 2:00 AM

[Theme description TBD — atmosphere, energy, what to expect]

With live sets by [DJ/Artist lineup TBD], expect a high-vibe fusion of music, movement, and pure presence.

👗 Dress code: [Aligned with party theme — details in Style Guide]

✨ For Families: Kids will have a dedicated space and activities so younger guests can enjoy their own magic.
🍽 Food & Drinks: Bring card or cash for purchases.
🎟 Just wear your wristband for entry.

This isn't just a party — it's THE night. Electric. Elevated. Unforgettable.

See you on the dance floor.

With love,
The Mindvalley U Team","[No separate closing party email in 2025 — closing party info was included in Welcome to Week 2 email]
The Roaring 1920s closing party at Het Sieraad, Aug 16, 8:30 PM-2 AM. Gatsby theme: sequins, feathers, tuxedos. DJs: Vic Halley, Tristan Gorski, Niraj Naik, Laura Poldvere.",2026-07-25
28,Post Event,Photos (Regular Ticket Holders),All Valid Ticket Holders (except VIP),Relive the Magic: Your Mindvalley U 2026 Photos Are Here 📸,2026-08-08,Saturday,To Do,Link,Photo album links,Share photo galleries. Privacy reminder about children.,High,"Hey [First Name],

What an unforgettable summer we've just shared at Mindvalley U 2026. 💛

From powerful sessions to deep connections and those magical nights under the Baltic sky — every moment is now part of our shared story. And the best part? You can revisit it anytime.

📸 Mindvalley U 2026 Photo Albums

👉 Week 1 MVU Photo Album: [Link]
👉 Week 2 MVU Photo Album: [Link]

A special shoutout goes to our exceptional team of photographers: [Photographer names TBD].

Don't forget to use the hashtag #MVU and tag @mindvalley when posting your photos.

Find yourself, your friends, and your favorite memories — and share the joy with your tribe.

⚠️ Please only share photos that include you, and kindly avoid sharing images of others, especially children, to respect everyone's privacy.

These photos are more than snapshots; they're reminders of the breakthroughs, the laughter, the hugs, and the energy we co-created together.

Here's to keeping that spirit alive until we meet again. ✨

With love,
The Mindvalley U Team","[Aug 22, 2025 — Event Photos Regular]
Audience: All Valid Ticket Holders (except VIP)
Subject: 📸 Relive the Magic: Your Mindvalley U 2025 Photos Are Here
Key content: Photo album links for Week 1 and Week 2. VIP party album links included. Photographer credits. Hashtag #MVU + @mindvalley tag. Privacy reminder re: children's photos. Signed by MV U Team.",2026-08-01
29,Post Event,Photos (VIP version),VIP Ticket Holders,Relive Your VIP Experience With The Official Event Photos 🤩,2026-08-08,Saturday,To Do,Link,Photo album links (including VIP party albums),VIP-specific photo email with VIP party albums. Mention recordings coming.,High,"Dear [First Name],

What an unforgettable summer we've just shared at Mindvalley U 2026. 💛

From powerful sessions to deep connections and those magical nights under the Baltic sky — every moment is now part of our shared story. And the best part? You can revisit it anytime.

📸 Mindvalley U 2026 Photo Albums

👉 Week 1 MVU Photo Album: [Link]
👉 Week 2 MVU Photo Album: [Link]

📸 VIP Ticket Holders Photo Albums

👉 Week 1 VIP Party [Theme]: [Link]
👉 Week 2 VIP Party [Theme]: [Link]

A special shoutout goes to our exceptional team of photographers: [Photographer names TBD].

Don't forget to use the hashtag #MVU and tag @mindvalley when posting your photos.
Find yourself, your friends, and your favorite memories — and share the joy with your tribe.

These photos are more than snapshots; they're reminders of the breakthroughs, the laughter, the hugs, and the energy we co-created together.

Here's to keeping that spirit alive until we meet again. ✨

With love,
The Mindvalley U Team

P.S. For VIP and First-Class Ticket Holders Only: All session recordings will be shared with you by email once the editing and uploading process is complete. This may take a few weeks — but rest assured, you'll be the first to know the moment they're ready.","[Aug 22, 2025 — VIP Event Photos]
Audience: VIP Ticket Holders
Subject: Relive Your VIP Experience With The Official Event Photos 🤩
Key content: Same as regular but with VIP party albums (On Cloud 9 Week 1, Summer By The Park Week 2). P.S. about session recordings being shared later (VIP + FC perk). Signed by MV U Team.",2026-08-01
30,Post Event,Feedback Reminder / Final Call,All Valid Ticket Holders,Final Call: Share Your Mindvalley U Feedback (Deadline Aug 11) ✨,2026-08-09,Sunday,To Do,Link,Week 1 + Week 2 survey links,Final push for feedback. Deadline ~3 days later.,Medium,"Dear [First Name],

Your voice helps shape the future of Mindvalley U. 🌍

If you haven't already, we'd love to hear about your experience this year. Your reflections help us create even more impactful sessions, connections, and magical moments for years to come.

👉 If you joined Week 1, please fill out your survey here: [Link]
👉 If you joined Week 2, please fill out your survey here: [Link]
👉 If you joined both weeks, please complete both surveys.

📌 Note: Ratings for individual speaker sessions should be left directly in the Mindvalley Agenda App under ""My Calendar.""

💛 Deadline: August 11th
🎁 As a thank you, everyone who submits feedback will be entered into a draw to select four winners for Mindvalley U 2027. (If you choose to remain anonymous, your feedback will still count, but you won't be eligible for the draw.)

Thank you for helping us co-create this journey — we look forward to hearing your thoughts.

With gratitude,
The Mindvalley U Team","[Aug 23, 2025 — Feedback Reminder]
Audience: All Valid Ticket Holders
Subject: ✨ Final Call: Share Your Mindvalley U Feedback (Deadline Aug 25)
Key content: Final feedback push. Separate links for Week 1 and Week 2 surveys (complete both if attended both). Session ratings in Agenda App. Deadline Aug 25. Prize: 4 x MVU 2026 tickets. Anonymous can submit but can't enter draw. Signed by MV U Team.",2026-08-02
31,Post Event,VIP Customer Interviews,VIP Ticket Holders,Got 20 Minutes? We'd Love to Chat 💬,2026-09-28,Monday,To Do,Link,Booking links by timezone / form,Schedule 20-min interviews with VIP holders.,Medium,"Hey [First Name],

We're still glowing from the energy of our time together at Mindvalley U in Tallinn... and if you're reading this, you're one of our cherished VIPs who we'd like to hear from.

We're currently doing something a little special. Between October 5-16, we're inviting a select few VIP ticket holders to have a personal 20-minute interview with our team.

🎯 Why are we doing this?

Because at Mindvalley, we don't just listen to our VIPs — we build around them.

Your feedback doesn't go into a spreadsheet. It shapes the future of how we design, elevate, and deliver world-class experiences at our events.

You've seen what Mindvalley can create... now imagine helping us make it even better.

If you're based in:
🌎 US or EU — Book your call with [Name] directly on this link: [Link]
🌏 Asia or UAE — Book your call with [Name] directly on this link: [Link]
🌍 Somewhere else in the world or unsure? 👉 Just fill out this quick form and we'll take care of the rest: [Link]

We'll coordinate the call at a time that works for both you and us.

And hey — we promise this won't feel like ""feedback."" It'll feel more like a meaningful chat over coffee (minus the caffeine jitters).

Thank you for being such a vital part of our movement. We can't wait to connect with you soon. 💛

With love,
The Mindvalley Events Team","[Oct 13, 2025 — VIP Customer Interviews]
Audience: VIP Ticket Holders
Subject: Got 20 Minutes? We'd Love to Chat 💬
Key content: Invited VIP holders to 20-min interviews (Oct 15-24). Two booking links by region (US/EU with Anastasia, Asia/UAE with Ramya). Fallback form for other regions. Positioned as shaping future experiences, not just feedback. Casual tone ('chat over coffee'). Signed by MV Events Team.",2026-09-21
32,Pre-Event Engagement,Supercoach Volunteers (if applicable),Waitlisted Volunteer Database,MVU Volunteer Team Is Full — But Another Opportunity Awaits 💫,TBD,TBD,To Do,Link,Reply to express interest,Only send if Supercoach or similar event runs alongside MVU 2026.,Low,"Hey [First Name],

Thank you so much for your enthusiasm to volunteer at Mindvalley University 2026 — we've been truly touched by the amazing response.

Our MVU volunteer team is now complete, and while we weren't able to offer you a spot for Tallinn, we'd love to invite you to something just as powerful.

🌟 [Event Name TBD]
📍 Happening in Tallinn
📅 [Dates TBD] (during MVU!)

We're currently building a dream team of volunteers for this transformational event.

If you're still excited to be part of something truly meaningful this summer — and you'll be in Tallinn — we'd be thrilled to have you join us.

👉 Interested? Just hit reply and let us know by [deadline TBD].

Thank you again for being such a valued part of our community. And who knows? The waitlist has a funny way of opening up sometimes... 😉

With appreciation,
[Volunteer Coordinator Name]
Mindvalley University Volunteer Coordinator

P.S. Whether it's at MVU or another event in the future — thank you for raising your hand to serve. We see you. 💛","[May 21, 2025 — Supercoach Volunteer Open Call]
Audience: Waitlisted Volunteer Database
Subject: Mindvalley University Team Is Full – But Another Opportunity Awaits 💫
Key content: MVU volunteer team full. Redirected to Supercoach Summit 2025 (Amsterdam, Aug 9-10). Asked for reply by Jun 1. Encouraging tone. Signed by Silvia Teras, Volunteer Coordinator.",TBD
33,Pre-Event Engagement,Eventex Voting (if applicable),Six App Networks + Volunteer Groups + Social,Eventex Voting Is Open — Support Mindvalley! 🎉,TBD,TBD,To Do,Link,Voting link,Only if Mindvalley is nominated in 2026. Social/community push.,Low,"Exciting news! The public voting for Eventex People's Choice Awards 2026 is now open! 🎉

Mindvalley has been nominated, and we'd love to have your support.

Cast your vote and help us celebrate the work we do in crafting transformative experiences!

👉 Vote now: [Voting Link]
🗳️ Public voting closes on [Deadline TBD].

Let's spread the word! 🚀

#EventexAwards #Mindvalley #VoteForUs","[Mar 20, 2025 — Eventex]
Audience: Six App Networks, Active Volunteer WhatsApp groups, Facebook
Subject: Eventex voting is open
Key content: Eventex People's Choice Awards 2025 nomination. Voting link. Deadline Apr 8. Also had internal version for MV Team asking them to vote and share. Social/community post format.",TBD
